freq (Hz),Loop Gain dB20 (dB),Loop Gain Phase (deg)
1.000,108.4,156.1
1.039,108.3,155.3
1.080,108.3,154.4
1.122,108.2,153.6
1.166,108.1,152.7
1.212,108.0,151.8
1.259,108.0,150.8
1.308,107.9,149.9
1.359,107.8,148.9
1.413,107.7,147.9
1.468,107.6,146.9
1.525,107.5,145.9
1.585,107.4,144.9
1.647,107.3,143.8
1.711,107.2,142.8
1.778,107.1,141.7
1.848,106.9,140.6
1.920,106.8,139.6
1.995,106.6,138.5
2.073,106.5,137.4
2.154,106.3,136.3
2.239,106.2,135.2
2.326,106.0,134.1
2.417,105.8,132.9
2.512,105.7,131.8
2.610,105.5,130.7
2.712,105.3,129.7
2.818,105.1,128.6
2.929,104.9,127.5
3.043,104.7,126.4
3.162,104.4,125.4
3.286,104.2,124.3
3.415,104.0,123.3
3.548,103.8,122.3
3.687,103.5,121.3
3.831,103.3,120.3
3.981,103.0,119.3
4.137,102.8,118.4
4.299,102.5,117.5
4.467,102.2,116.5
4.642,102.0,115.7
4.823,101.7,114.8
5.012,101.4,113.9
5.208,101.2,113.1
5.412,100.9,112.3
5.623,100.6,111.5
5.843,100.3,110.7
6.072,100.0,110.0
6.310,99.71,109.3
6.556,99.42,108.6
6.813,99.12,107.9
7.079,98.82,107.2
7.356,98.51,106.6
7.644,98.21,105.9
7.943,97.90,105.3
8.254,97.59,104.7
8.577,97.28,104.1
8.913,96.97,103.6
9.261,96.66,103.0
9.624,96.34,102.5
10.00,96.02,102.0
10.39,95.71,101.5
10.80,95.39,101.0
11.22,95.07,100.6
11.66,94.75,100.1
12.12,94.42,99.67
12.59,94.10,99.24
13.08,93.78,98.83
13.59,93.45,98.43
14.13,93.13,98.04
14.68,92.80,97.66
15.25,92.48,97.29
15.85,92.15,96.93
16.47,91.82,96.58
17.11,91.50,96.24
17.78,91.17,95.91
18.48,90.84,95.59
19.20,90.51,95.27
19.95,90.18,94.97
20.73,89.85,94.67
21.54,89.52,94.37
22.39,89.19,94.08
23.26,88.86,93.80
24.17,88.53,93.52
25.12,88.20,93.25
26.10,87.87,92.99
27.12,87.54,92.72
28.18,87.21,92.46
29.29,86.88,92.21
30.43,86.54,91.96
31.62,86.21,91.71
32.86,85.88,91.46
34.15,85.55,91.21
35.48,85.21,90.97
36.87,84.88,90.73
38.31,84.55,90.49
39.81,84.21,90.25
41.37,83.88,90.01
42.99,83.55,89.77
44.67,83.21,89.53
46.42,82.88,89.29
48.23,82.55,89.05
50.12,82.21,88.80
52.08,81.88,88.56
54.12,81.54,88.31
56.23,81.21,88.06
58.43,80.87,87.81
60.72,80.54,87.56
63.10,80.20,87.30
65.56,79.87,87.03
68.13,79.53,86.77
70.79,79.20,86.50
73.56,78.86,86.22
76.44,78.52,85.94
79.43,78.19,85.65
82.54,77.85,85.36
85.77,77.51,85.06
89.13,77.18,84.75
92.61,76.84,84.44
96.24,76.50,84.11
100.0,76.16,83.78
103.9,75.82,83.45
108.0,75.48,83.10
112.2,75.14,82.74
116.6,74.80,82.37
121.2,74.46,81.99
125.9,74.11,81.61
130.8,73.77,81.21
135.9,73.43,80.79
141.3,73.08,80.37
146.8,72.74,79.93
152.5,72.39,79.48
158.5,72.04,79.02
164.7,71.70,78.54
171.1,71.35,78.05
177.8,70.99,77.54
184.8,70.64,77.02
192.0,70.29,76.48
199.5,69.93,75.93
207.3,69.58,75.36
215.4,69.22,74.77
223.9,68.86,74.16
232.6,68.50,73.54
241.7,68.13,72.90
251.2,67.76,72.23
261.0,67.39,71.55
271.2,67.02,70.85
281.8,66.65,70.14
292.9,66.27,69.40
304.3,65.89,68.64
316.2,65.51,67.86
328.6,65.12,67.07
341.5,64.73,66.25
354.8,64.34,65.42
368.7,63.94,64.56
383.1,63.54,63.69
398.1,63.13,62.80
413.7,62.72,61.89
429.9,62.30,60.97
446.7,61.88,60.03
464.2,61.46,59.07
482.3,61.03,58.10
501.2,60.59,57.12
520.8,60.15,56.12
541.2,59.70,55.11
562.3,59.25,54.09
584.3,58.79,53.07
607.2,58.33,52.03
631.0,57.86,50.99
655.6,57.38,49.95
681.3,56.89,48.90
707.9,56.40,47.85
735.6,55.91,46.81
764.4,55.41,45.76
794.3,54.90,44.72
825.4,54.38,43.69
857.7,53.86,42.66
891.3,53.33,41.65
926.1,52.80,40.64
962.4,52.26,39.65
1.000E3,51.71,38.67
1.039E3,51.16,37.70
1.080E3,50.60,36.76
1.122E3,50.04,35.83
1.166E3,49.47,34.91
1.212E3,48.90,34.02
1.259E3,48.32,33.15
1.308E3,47.74,32.31
1.359E3,47.15,31.48
1.413E3,46.56,30.68
1.468E3,45.96,29.90
1.525E3,45.36,29.15
1.585E3,44.75,28.43
1.647E3,44.15,27.73
1.711E3,43.54,27.05
1.778E3,42.92,26.41
1.848E3,42.30,25.79
1.920E3,41.68,25.19
1.995E3,41.06,24.63
2.073E3,40.43,24.09
2.154E3,39.80,23.57
2.239E3,39.17,23.09
2.326E3,38.54,22.63
2.417E3,37.91,22.20
2.512E3,37.27,21.80
2.610E3,36.63,21.42
2.712E3,35.99,21.07
2.818E3,35.35,20.75
2.929E3,34.71,20.45
3.043E3,34.06,20.18
3.162E3,33.42,19.94
3.286E3,32.78,19.72
3.415E3,32.13,19.53
3.548E3,31.48,19.37
3.687E3,30.84,19.23
3.831E3,30.19,19.12
3.981E3,29.54,19.03
4.137E3,28.89,18.97
4.299E3,28.24,18.94
4.467E3,27.59,18.93
4.642E3,26.95,18.95
4.823E3,26.30,18.99
5.012E3,25.65,19.06
5.208E3,25.00,19.16
5.412E3,24.35,19.28
5.623E3,23.71,19.43
5.843E3,23.06,19.60
6.072E3,22.41,19.80
6.310E3,21.77,20.03
6.556E3,21.13,20.28
6.813E3,20.48,20.56
7.079E3,19.84,20.86
7.356E3,19.20,21.20
7.644E3,18.56,21.56
7.943E3,17.92,21.94
8.254E3,17.29,22.36
8.577E3,16.66,22.80
8.913E3,16.02,23.26
9.261E3,15.39,23.76
9.624E3,14.77,24.28
10.00E3,14.14,24.83
10.39E3,13.52,25.40
10.80E3,12.90,26.01
11.22E3,12.29,26.63
11.66E3,11.67,27.29
12.12E3,11.06,27.97
12.59E3,10.46,28.68
13.08E3,9.854,29.41
13.59E3,9.256,30.17
14.13E3,8.661,30.95
14.68E3,8.071,31.76
15.25E3,7.486,32.59
15.85E3,6.905,33.44
16.47E3,6.330,34.31
17.11E3,5.759,35.21
17.78E3,5.193,36.12
18.48E3,4.633,37.05
19.20E3,4.079,38.00
19.95E3,3.530,38.96
20.73E3,2.988,39.94
21.54E3,2.451,40.93
22.39E3,1.920,41.93
23.26E3,1.396,42.94
24.17E3,877.2E-3,43.96
25.12E3,365.3E-3,44.99
26.10E3,-140.3E-3,46.02
27.12E3,-639.6E-3,47.05
28.18E3,-1.132,48.08
29.29E3,-1.619,49.12
30.43E3,-2.099,50.15
31.62E3,-2.573,51.17
32.86E3,-3.041,52.19
34.15E3,-3.502,53.21
35.48E3,-3.958,54.22
36.87E3,-4.408,55.21
38.31E3,-4.852,56.20
39.81E3,-5.290,57.17
41.37E3,-5.723,58.13
42.99E3,-6.151,59.07
44.67E3,-6.574,60.00
46.42E3,-6.991,60.91
48.23E3,-7.404,61.80
50.12E3,-7.813,62.68
52.08E3,-8.217,63.53
54.12E3,-8.617,64.37
56.23E3,-9.013,65.19
58.43E3,-9.405,65.99
60.72E3,-9.793,66.76
63.10E3,-10.18,67.52
65.56E3,-10.56,68.26
68.13E3,-10.94,68.97
70.79E3,-11.31,69.67
73.56E3,-11.69,70.34
76.44E3,-12.06,70.99
79.43E3,-12.43,71.63
82.54E3,-12.79,72.24
85.77E3,-13.15,72.83
89.13E3,-13.52,73.41
92.61E3,-13.88,73.96
96.24E3,-14.23,74.50
100.0E3,-14.59,75.01
103.9E3,-14.94,75.51
108.0E3,-15.30,75.99
112.2E3,-15.65,76.45
116.6E3,-16.00,76.90
121.2E3,-16.35,77.33
125.9E3,-16.70,77.74
130.8E3,-17.04,78.14
135.9E3,-17.39,78.52
141.3E3,-17.73,78.88
146.8E3,-18.08,79.23
152.5E3,-18.42,79.57
158.5E3,-18.76,79.89
164.7E3,-19.11,80.20
171.1E3,-19.45,80.49
177.8E3,-19.79,80.77
184.8E3,-20.13,81.04
192.0E3,-20.47,81.29
199.5E3,-20.81,81.53
207.3E3,-21.15,81.77
215.4E3,-21.49,81.98
223.9E3,-21.82,82.19
232.6E3,-22.16,82.39
241.7E3,-22.50,82.57
251.2E3,-22.84,82.75
261.0E3,-23.17,82.91
271.2E3,-23.51,83.07
281.8E3,-23.85,83.21
292.9E3,-24.18,83.35
304.3E3,-24.52,83.47
316.2E3,-24.85,83.59
328.6E3,-25.19,83.69
341.5E3,-25.53,83.79
354.8E3,-25.86,83.88
368.7E3,-26.20,83.96
383.1E3,-26.53,84.03
398.1E3,-26.87,84.09
413.7E3,-27.20,84.14
429.9E3,-27.54,84.19
446.7E3,-27.87,84.22
464.2E3,-28.20,84.25
482.3E3,-28.54,84.27
501.2E3,-28.87,84.28
520.8E3,-29.21,84.28
541.2E3,-29.54,84.27
562.3E3,-29.88,84.26
584.3E3,-30.21,84.24
607.2E3,-30.54,84.21
631.0E3,-30.88,84.17
655.6E3,-31.21,84.12
681.3E3,-31.55,84.06
707.9E3,-31.88,83.99
735.6E3,-32.21,83.92
764.4E3,-32.55,83.83
794.3E3,-32.88,83.74
825.4E3,-33.22,83.64
857.7E3,-33.55,83.53
891.3E3,-33.88,83.41
926.1E3,-34.22,83.28
962.4E3,-34.55,83.14
1.000E6,-34.89,82.99
1.039E6,-35.22,82.83
1.080E6,-35.55,82.65
1.122E6,-35.89,82.47
1.166E6,-36.22,82.28
1.212E6,-36.56,82.07
1.259E6,-36.89,81.86
1.308E6,-37.22,81.63
1.359E6,-37.56,81.39
1.413E6,-37.89,81.14
1.468E6,-38.23,80.87
1.525E6,-38.56,80.59
1.585E6,-38.90,80.30
1.647E6,-39.23,79.99
1.711E6,-39.56,79.67
1.778E6,-39.90,79.33
1.848E6,-40.23,78.98
1.920E6,-40.57,78.61
1.995E6,-40.90,78.23
2.073E6,-41.24,77.83
2.154E6,-41.57,77.41
2.239E6,-41.91,76.97
2.326E6,-42.24,76.51
2.417E6,-42.58,76.03
2.512E6,-42.91,75.54
2.610E6,-43.25,75.02
2.712E6,-43.59,74.48
2.818E6,-43.92,73.92
2.929E6,-44.26,73.34
3.043E6,-44.60,72.73
3.162E6,-44.93,72.10
3.286E6,-45.27,71.44
3.415E6,-45.61,70.75
3.548E6,-45.95,70.04
3.687E6,-46.28,69.30
3.831E6,-46.62,68.53
3.981E6,-46.96,67.73
4.137E6,-47.30,66.91
4.299E6,-47.64,66.04
4.467E6,-47.98,65.15
4.642E6,-48.32,64.22
4.823E6,-48.66,63.26
5.012E6,-49.00,62.26
5.208E6,-49.35,61.22
5.412E6,-49.69,60.14
5.623E6,-50.03,59.03
5.843E6,-50.38,57.87
6.072E6,-50.73,56.67
6.310E6,-51.07,55.43
6.556E6,-51.42,54.15
6.813E6,-51.77,52.82
7.079E6,-52.12,51.44
7.356E6,-52.47,50.02
7.644E6,-52.82,48.54
7.943E6,-53.18,47.02
8.254E6,-53.53,45.45
8.577E6,-53.89,43.82
8.913E6,-54.24,42.15
9.261E6,-54.60,40.42
9.624E6,-54.97,38.63
10.00E6,-55.33,36.79
10.39E6,-55.69,34.90
10.80E6,-56.06,32.95
11.22E6,-56.43,30.94
11.66E6,-56.80,28.88
12.12E6,-57.18,26.77
12.59E6,-57.55,24.59
13.08E6,-57.93,22.36
13.59E6,-58.31,20.08
14.13E6,-58.69,17.74
14.68E6,-59.08,15.34
15.25E6,-59.47,12.90
15.85E6,-59.86,10.40
16.47E6,-60.26,7.848
17.11E6,-60.65,5.249
17.78E6,-61.05,2.603
18.48E6,-61.46,-89.34E-3
19.20E6,-61.86,-2.825
19.95E6,-62.27,-5.602
20.73E6,-62.68,-8.419
21.54E6,-63.10,-11.27
22.39E6,-63.52,-14.16
23.26E6,-63.94,-17.08
24.17E6,-64.36,-20.03
25.12E6,-64.79,-23.00
26.10E6,-65.22,-26.00
27.12E6,-65.65,-29.02
28.18E6,-66.09,-32.05
29.29E6,-66.52,-35.10
30.43E6,-66.97,-38.16
31.62E6,-67.41,-41.23
32.86E6,-67.86,-44.31
34.15E6,-68.31,-47.39
35.48E6,-68.76,-50.48
36.87E6,-69.22,-53.56
38.31E6,-69.68,-56.64
39.81E6,-70.14,-59.71
41.37E6,-70.61,-62.77
42.99E6,-71.08,-65.83
44.67E6,-71.55,-68.87
46.42E6,-72.03,-71.90
48.23E6,-72.51,-74.92
50.12E6,-73.00,-77.91
52.08E6,-73.49,-80.89
54.12E6,-73.99,-83.85
56.23E6,-74.49,-86.78
58.43E6,-75.00,-89.69
60.72E6,-75.52,-92.58
63.10E6,-76.03,-95.43
65.56E6,-76.56,-98.26
68.13E6,-77.09,-101.1
70.79E6,-77.63,-103.8
73.56E6,-78.17,-106.6
76.44E6,-78.72,-109.3
79.43E6,-79.28,-111.9
82.54E6,-79.84,-114.6
85.77E6,-80.42,-117.2
89.13E6,-80.99,-119.7
92.61E6,-81.58,-122.2
96.24E6,-82.17,-124.7
100.0E6,-82.77,-127.1
103.9E6,-83.38,-129.5
108.0E6,-83.99,-131.9
112.2E6,-84.61,-134.2
116.6E6,-85.24,-136.4
121.2E6,-85.88,-138.6
125.9E6,-86.52,-140.8
130.8E6,-87.17,-142.9
135.9E6,-87.82,-144.9
141.3E6,-88.49,-146.9
146.8E6,-89.15,-148.8
152.5E6,-89.83,-150.7
158.5E6,-90.51,-152.6
164.7E6,-91.19,-154.4
171.1E6,-91.88,-156.1
177.8E6,-92.57,-157.8
184.8E6,-93.27,-159.4
192.0E6,-93.97,-161.0
199.5E6,-94.68,-162.5
207.3E6,-95.39,-163.9
215.4E6,-96.10,-165.3
223.9E6,-96.82,-166.7
232.6E6,-97.53,-168.0
241.7E6,-98.25,-169.3
251.2E6,-98.98,-170.5
261.0E6,-99.70,-171.7
271.2E6,-100.4,-172.8
281.8E6,-101.2,-173.9
292.9E6,-101.9,-175.0
304.3E6,-102.6,-176.0
316.2E6,-103.3,-177.0
328.6E6,-104.1,-178.0
341.5E6,-104.8,-178.9
354.8E6,-105.5,-179.8
368.7E6,-106.3,-180.7
383.1E6,-107.0,-181.6
398.1E6,-107.7,-182.4
413.7E6,-108.4,-183.3
429.9E6,-109.2,-184.1
446.7E6,-109.9,-185.0
464.2E6,-110.6,-185.8
482.3E6,-111.4,-186.6
501.2E6,-112.1,-187.5
520.8E6,-112.9,-188.3
541.2E6,-113.6,-189.1
562.3E6,-114.3,-190.0
584.3E6,-115.1,-190.9
607.2E6,-115.8,-191.8
631.0E6,-116.6,-192.7
655.6E6,-117.3,-193.7
681.3E6,-118.1,-194.7
707.9E6,-118.8,-195.7
735.6E6,-119.6,-196.8
764.4E6,-120.4,-198.0
794.3E6,-121.1,-199.2
825.4E6,-121.9,-200.5
857.7E6,-122.7,-201.8
891.3E6,-123.5,-203.3
926.1E6,-124.3,-204.8
962.4E6,-125.1,-206.5
1.000E9,-126.0,-208.3
